Query,Answer,Context
tell me about the supply chain usecase at EY?,"Supply Chain Use Cases in EY

EY offers a variety of services that can be applied to supply chain management, leveraging their expertise in data processing, analytics, and digital transformation. Here are some specific use cases:

Data Management and Integration

Blending Data from Multiple Sources: EY Virtual integrates raw structured and unstructured data in real-time, transforming it for better decision-making. This is crucial for supply chain management, where data from various sources (e.g., suppliers, logistics, inventory) need to be consolidated and analyzed.
Customized Workflows: EY helps develop workflows to identify and integrate diverse data sources, ensuring that all relevant supply chain data is captured and utilized effectively.
Risk Management

Workflow and Questionnaires: EY Virtual supports teams through guided workflows, providing a structured process for managing risk assessment cases. This can be applied to supply chain risk management, helping organizations identify and mitigate potential risks.
Automation and Bots: EY uses bots to automate routine tasks such as data collection and risk triage, adhering to regulatory expectations and business risk priorities. This can streamline supply chain operations and reduce manual effort.
Analytics and Reporting

Dashboards and Reports: EY Virtual leverages dynamic reports and dashboards to provide tailored, data-driven analytics for informed decision-making. Supply chain managers can use these tools to monitor performance, identify bottlenecks, and optimize processes.
Machine Learning and AI: EY employs AI to continuously refine models based on knowledge gained from investigations and feedback from human review. In supply chain management, this can be used to predict demand, optimize inventory levels, and improve forecasting accuracy.","[Document(page_content='EY teams provide a broad range of data processing services to help clients manage discovery needs on cases of all sizes, facilitated through multiple hosting options. EY services include:\n- Collecting, processing, normalizing, culling and hosting data\n- Redacting data for cross-border transfer\n- Providing efﬁcient web-based review capability\n- Formatting select electronic records for production\nDownload theEY Discovery Data Servicesbrochure (pdf) for more details.\n\nEY teams of full-time and contract review professionals are led by leadership who possess deep industry, legal and technology knowledge. Striving to meet the specific needs of each matter, EY teams provide a range of services that include:\n- Scaling flexible sourcing model to a wide spectrum of matters, large or small\n- Developing and helping implement data and document review protocols that focus on cost efficiency\n- Helping implement analytics and custom workflows to assess review quality and reduce review time\n- Upholding a repeatable and consistent quality control process\n- Helping organizations improve compliance effectiveness and enhance operational efficiency throughdigital transformationof contract management\nDownload our brochures for more details:\n- EY Managed Review Services(pdf)\n- EY Digital Contract Review Services(pdf)\n\nBy focusing on cost-saving measures and efficient, proportionate processes, EY teams help organizations modernize their legal department operations. EY services include:\n- Developing customized workflows to identify and integrate diverse data sources\n- Formulating strategies to securely process and transfer data per applicabledata protection and privacyregulations and laws (e.g., GDPR)\n- Balancing in-sourcing and outsourcing arrangements\n- Assessing and improving discovery programs and procedures\n- Information governance\nDownload theEY Discovery Consultingbrochure (pdf)\xa0for more details.\n\n- Forensic services offerings in the wake of the COVID-19 Outbreak(pdf)\n- Analytics and AI in EY Discovery(pdf)\n- Managed eDiscovery services(pdf)\n- Information governance solution for GDPR compliance(pdf)\n- Information and data governance services(pdf)', metadata={'source_link': 'https://www.ey.com/en_in/assurance/discovery-services', 'author_name': 'nan', 'related_topics': 'nan', 'pdf_links': 'https://assets.ey.com/content/dam/ey-sites/ey-com/en_gl/topics/assurance/assurance-pdfs/ey-ediscovery-saas-options.pdf?download, https://assets.ey.com/content/dam/ey-sites/ey-com/en_gl/topics/assurance/assurance-pdfs/how-recent-doj-activities-signal-importance-of-data-analytics.pdf?download', 'relevance_score': 0.99491364}), Document(page_content='EY teams provide a broad range of data processing services to help clients manage discovery needs on cases of all sizes, facilitated through multiple hosting options. EY services include:\n- Collecting, processing, normalizing, culling and hosting data\n- Redacting data for cross-border transfer\n- Providing efﬁcient web-based review capability\n- Formatting select electronic records for production\nDownload theEY Discovery Data Servicesbrochure (pdf) for more details.\n\nEY teams of full-time and contract review professionals are led by leadership who possess deep industry, legal and technology knowledge. Striving to meet the specific needs of each matter, EY teams provide a range of services that include:\n- Scaling flexible sourcing model to a wide spectrum of matters, large or small\n- Developing and helping implement data and document review protocols that focus on cost efficiency\n- Helping implement analytics and custom workflows to assess review quality and reduce review time\n- Upholding a repeatable and consistent quality control process\n- Helping organizations improve compliance effectiveness and enhance operational efficiency throughdigital transformationof contract management\nDownload our brochures for more details:\n- EY Managed Review Services(pdf)\n- EY Digital Contract Review Services(pdf)\n\nBy focusing on cost-saving measures and efficient, proportionate processes, EY teams help organizations modernize their legal department operations. EY services include:\n- Developing customized workflows to identify and integrate diverse data sources\n- Formulating strategies to securely process and transfer data per applicabledata protection and privacyregulations and laws (e.g., GDPR)\n- Balancing in-sourcing and outsourcing arrangements\n- Assessing and improving discovery programs and procedures\n- Information governance\nDownload theEY Discovery Consultingbrochure (pdf)\xa0for more details.\n\n- Forensic services offerings in the wake of the COVID-19 Outbreak(pdf)\n- Analytics and AI in EY Discovery(pdf)\n- Managed eDiscovery services(pdf)\n- Information governance solution for GDPR compliance(pdf)\n- Information and data governance services(pdf)', metadata={'source_link': 'https://www.ey.com/en_in/assurance/discovery-services', 'author_name': 'nan', 'related_topics': 'nan', 'pdf_links': 'https://assets.ey.com/content/dam/ey-sites/ey-com/en_gl/topics/assurance/assurance-pdfs/ey-ediscovery-saas-options.pdf?download, https://assets.ey.com/content/dam/ey-sites/ey-com/en_gl/topics/assurance/assurance-pdfs/how-recent-doj-activities-signal-importance-of-data-analytics.pdf?download', 'relevance_score': 0.99491364}), Document(page_content='EY teams provide a broad range of data processing services to help clients manage discovery needs on cases of all sizes, facilitated through multiple hosting options. EY services include:\n- Collecting, processing, normalizing, culling and hosting data\n- Redacting data for cross-border transfer\n- Providing efﬁcient web-based review capability\n- Formatting select electronic records for production\nDownload theEY Discovery Data Servicesbrochure (pdf) for more details.\n\nEY teams of full-time and contract review professionals are led by leadership who possess deep industry, legal and technology knowledge. Striving to meet the specific needs of each matter, EY teams provide a range of services that include:\n- Scaling flexible sourcing model to a wide spectrum of matters, large or small\n- Developing and helping implement data and document review protocols that focus on cost efficiency\n- Helping implement analytics and custom workflows to assess review quality and reduce review time\n- Upholding a repeatable and consistent quality control process\n- Helping organizations improve compliance effectiveness and enhance operational efficiency throughdigital transformationof contract management\nDownload our brochures for more details:\n- EY Managed Review Services(pdf)\n- EY Digital Contract Review Services(pdf)\n\nBy focusing on cost-saving measures and efficient, proportionate processes, EY teams help organizations modernize their legal department operations. EY services include:\n- Developing customized workflows to identify and integrate diverse data sources\n- Formulating strategies to securely process and transfer data per applicabledata protection and privacyregulations and laws (e.g., GDPR)\n- Balancing in-sourcing and outsourcing arrangements\n- Assessing and improving discovery programs and procedures\n- Information governance\nDownload theEY Discovery Consultingbrochure (pdf)\xa0for more details.\n\n- Forensic services offerings in the wake of the COVID-19 Outbreak(pdf)\n- Analytics and AI in EY Discovery(pdf)\n- Managed eDiscovery services(pdf)\n- Information governance solution for GDPR compliance(pdf)\n- Information and data governance services(pdf)', metadata={'source_link': 'https://www.ey.com/en_in/assurance/discovery-services', 'author_name': 'nan', 'related_topics': 'nan', 'pdf_links': 'https://assets.ey.com/content/dam/ey-sites/ey-com/en_gl/topics/assurance/assurance-pdfs/ey-ediscovery-saas-options.pdf?download, https://assets.ey.com/content/dam/ey-sites/ey-com/en_gl/topics/assurance/assurance-pdfs/how-recent-doj-activities-signal-importance-of-data-analytics.pdf?download', 'relevance_score': 0.99491364})]"
